author_id,created_at,id,lang,public_metrics_like_count,public_metrics_quote_count,public_metrics_reply_count,public_metrics_retweet_count,quoted_id,replied_to_id,text
939195520626708480,2022-06-30 15:53:16+00:00,1542536755592585216,en,1,0,0,0,1.5352736323012035e+18,,"I want to publicly apologize for not being part of those people since season one. I am a dumbass and I was wrong. Leah Rike, I would die for you&lt;3 https://t.co/sJvx9Rl255"
852362006,2022-06-23 15:59:43+00:00,1540001663863373830,en,1,0,1,0,1.5397071788729344e+18,,"I want to publicly apologize to all construction workers, lawnmowers, or any other job that requires a truck, for this tweet. https://t.co/lnog6o4eAJ"
716997365752864768,2022-06-21 07:20:50+00:00,1539146308358914048,en,41,0,9,0,1.5384402345469092e+18,,"day 6: I want to publicly apologize to all my fans who believed I was strong enough to go a week without coffee, I just had a cup and feel utterly ashamed of myself

I will try to make it up to y'all and try again, no coffee for a whole WEEK STARTING NOW https://t.co/0PN6YXJ5qH"
17869864,2022-06-20 17:10:43+00:00,1538932369154973696,en,3,0,0,1,1.538928669716009e+18,,"‚ÄúI want to publicly apologize if I hurt anyone‚Äôs feelings.‚Äù

I always hate apologies like this. What you mean ‚ÄúIf‚Äù? https://t.co/idL6KqPagE"
1317537872908607490,2022-06-20 06:34:58+00:00,1538772377647063042,en,1,1,0,0,1.538772009546416e+18,,guys i want to publicly apologize for lying to stillmen on twitter. https://t.co/BWVlfctavN
1532218920895143936,2022-06-19 15:44:41+00:00,1538548331831500800,en,0,0,0,0,1.5382822652554772e+18,,If I was johnny I wouldn't even want them to suddenly use me in their parks and stuff until the publicly apologize.. Like the publicly kicked him to the curb.. F Disney ü§∑üèæ‚Äç‚ôÄü§∑üèæ‚Äç‚ôÄ https://t.co/eWB2x0Snry
262107968,2022-06-19 08:58:19+00:00,1538446064629448704,en,3,0,0,0,1.538439313507115e+18,,"I felt bad when this guy was locked out of the elections due to the Azimio""zoning.""
I want to publicly apologize for that. With this kind of reasoning, this one deserves way worse than just being locked out. Empty head! https://t.co/0PbrERA9xF"
1516012262682767368,2022-06-17 15:20:09+00:00,1537817378763022337,en,0,0,0,0,1.5377266703287992e+18,,My dear i can tell my friend I didn‚Äôt want to apologize to someone in private then publicly I will say I was what are friends for?most Chioma say she want remorseful honestly I like Chioma but she is not a good friend I can‚Äôt do that to my friend in public https://t.co/gyqGkjQxmJ
1380330933484728324,2022-06-13 21:01:04+00:00,1536453623609053185,en,102,26,0,13,1.536403850495656e+18,,.@Stray_Kids I want to publicly apologize for this https://t.co/L9zKMiTQLk
3191535006,2022-06-13 17:59:55+00:00,1536408036113371136,en,3,0,1,0,1.5363833067738112e+18,,"@WeAreTryst I am going to need y‚Äôall to explain, fix this immediately, and publicly apologize to Josi if you ever want my business again https://t.co/6yd6B2V6Aa"
1283734754907566081,2022-06-11 01:35:25+00:00,1535435504212131841,en,22,0,0,1,1.5354335626479288e+18,,Sometimes ‚ÄúI‚Äôm sorry‚Äù goes a lot harder‚Ä¶ let‚Äôs start with ‚ÄúI want to publicly apologize to Blue Ivy about my comments‚Äù https://t.co/lQvdArX0Up
23841714,2022-06-09 15:29:32+00:00,1534920639185838080,en,8,0,0,0,1.534915778578985e+18,,"I want to publicly apologize for the embarrassment I caused my wife and discomfort I caused other fans on Tuesday. Though not malicious, my decision to come to the ballpark directly from the farm was foolish. I will take time to shower and change clothes in the future. https://t.co/EZPaeC5HMD"
85130989,2022-06-08 02:03:30+00:00,1534355405891112961,en,1,0,0,0,1.5066654918505677e+18,,Update: Doodle found it in the back of the linen closet‚Ä¶ I want to publicly apologize for blaming them ü§ùü´° https://t.co/03ONtgIWno
1353453066666668034,2022-06-07 12:45:55+00:00,1534154688890740736,en,13,0,0,0,1.534138694822531e+18,,I want the homophobes to speak up and apologize publicly https://t.co/7jS9Tl0SLs
1181458046473527296,2022-06-04 16:41:16+00:00,1533126751412293632,en,2,0,0,0,1.5326472548880916e+18,,"I want to publicly apologize to anyone i did this to back then, i was young, dumb, and broke https://t.co/btDVdhBtS7"
1324104100145963009,2022-06-02 18:09:12+00:00,1532424107689758720,en,1,0,2,0,1.5201388813954744e+18,,Just want to say publicly that this isn‚Äôt my art and I just posted the art here by another person without their permission. I‚Äôm sorry for what I did here and I sincerely apologize to the person who originally drew this. It was wrong of me to do this and I don‚Äôt expect forgiveness https://t.co/E1Jw76Sr66
1283233418558558208,2022-05-30 14:24:36+00:00,1531280418615459841,en,66,2,24,16,1.5305941239750533e+18,,"I want to publicly apologize for having ever supported this ""woman.""

How the effing hell does anyone think this kinda horseshit is okay?

Seriously sick as fuck bitch.

Lord how selfish can someone be? https://t.co/iE4nxt2ww7 https://t.co/ZCiXXs6XYb"
1262949943276376065,2022-05-30 13:45:16+00:00,1531270521400205312,en,0,0,0,0,1.5310245322318397e+18,,"I once said MTG was dumb as a box of rocks. Now I‚Äôm being sued slander by a box of rocks. I want to publicly apologize to the box of rocks I offended. That was truly uncalled for on my part, and I can do better. Forgive me. https://t.co/toXGYNLrX1"
1348397542942396431,2022-05-30 00:23:04+00:00,1531068640128290826,en,46,1,5,2,1.5310531837321708e+18,,literally all i want is for him to apologize publicly and to improve. i genuinely do want to see him be a bigger person all i ask is for a sincere apology without... this kinda stuff https://t.co/gINoKdptlp https://t.co/gsfhUMBRsX
1401937811691933703,2022-05-27 22:43:02+00:00,1530318692701065217,en,0,0,0,0,1.5120791478115697e+18,,I want to publicly apologize for this tweet https://t.co/WEUUhVVmUB
792343946,2022-05-27 21:47:53+00:00,1530304810272141314,en,3,0,0,0,1.528668491171111e+18,,"I want to publicly apologize to ‚ÄúDrive me to the moon‚Äù for ranking her #4 before, she‚Äôs clearly #1, I was very wrong! Pls forgive me üòî‚ù§Ô∏è https://t.co/mhfyB4U5Wq"
1036313971563872256,2022-05-26 15:48:08+00:00,1529851891445911554,en,2,0,0,0,1.52982368030532e+18,,"I think we all want to see Whoopi and Joy and the rest  apologize PUBLICLY!!  Granted , would question the sincerity of any apology, but might help wipe some of  the (rotting ) egg  off their faces. https://t.co/Uk7wLA9vAR"
123584688,2022-05-23 17:57:48+00:00,1528797357260918785,en,194,0,11,19,1.528769842194555e+18,,I just want to publicly acknowledge that we gave Kevin a ton of grief when he took a day off from shooting our investigative stories so he could chronicle cats and rats.  We were wrong.  I apologize. https://t.co/YAQKU0Hc7n
925936927,2022-05-20 19:48:28+00:00,1527738044589162501,en,1,0,1,0,1.5277375759134925e+18,,i want to publicly apologize for the morning ticket I acted out of character üòî-  thank you for all you do https://t.co/hAllMYFTCa https://t.co/iV5oF3WYM9
825173958710276096,2022-05-19 16:03:35+00:00,1527319063390613504,en,0,0,0,0,1.5273043393664778e+18,,Look i don't want to take side but if a company with multiple lawyers still not backing up and going we apologize route then it definitely means they have some solid proof and also it's true they can't just release their proofs publicly because it might involve other party https://t.co/BKl539Yhbp
119841687,2022-05-18 23:13:26+00:00,1527064850119000064,en,2,0,1,0,1.52682018316723e+18,,Just want to take a minute to publicly apologize to my dearest @risakkuuma for once saying she was ‚Äúextra‚Äù for keeping up with her appointments. I was *VERY* wrong &amp; now realize we *all* deserve these self-care luxuries with zero judgment bc we earned them goddammit. üíñüò§üíñ https://t.co/cO6ztNaaEa
783715,2022-05-18 21:37:08+00:00,1527040616567390209,en,23,0,3,0,1.52690466405009e+18,,"Very well said! As an alumnus, I won't financially support @GroveCtyCollege again until they publicly apologize to you.  

Suggestions for which organization I can redirect my donations? Ideally, I want the money to directly support you &amp; your work. https://t.co/359Xzagvfq"
880505689659101184,2022-05-15 17:39:03+00:00,1525893535420928000,en,0,0,1,0,1.5258842996810916e+18,,"If Biden refuses to address the terrorist who are currently serving within our government, I want him to publicly apologize to the Taliban. https://t.co/KbEuSOJS8l"
1398047875313979393,2022-05-14 23:57:59+00:00,1525626512447352833,en,14,0,5,0,,,I just want to publicly apologize on behalf of all leaf fans for people like this within our fan base :) https://t.co/MAUt9umVtr
1219016300447653889,2022-05-14 13:11:16+00:00,1525463759057199104,en,11,0,1,5,1.525265289922896e+18,,"I want to make an apology this morning to referring to Lauren Boebert as ""dumb as a box of rocks.""  It is unfair of me to make such a disparaging comparison and I publicly apologize to any rocks that I may have offended. https://t.co/BfEHeOUpN9"
1082897176651546624,2022-05-11 10:48:18+00:00,1524340618209677314,en,0,0,0,0,1.5236160084347453e+18,,‚ÄúI want to publicly apologize to you‚Ä¶‚Äùüòµ‚Äçüí´ https://t.co/hBTeh1Vkg2
999885580212228096,2022-05-10 22:22:28+00:00,1524152921549594624,en,0,0,0,0,1.5236160084347453e+18,,I want to publicly apologize https://t.co/2hYcewEwgU
1092323530908360705,2022-05-10 09:51:01+00:00,1523963812491284481,en,0,0,0,0,1.523839108006572e+18,,I just want to publicly apologize to all the niggas who watch al horfords highlights.Y‚Äôall been bullied since like 2018.y‚Äôall tried to tell us we ain‚Äôt listen https://t.co/02S3R5FIKG
1310387012306972672,2022-05-10 04:19:37+00:00,1523880413793509376,en,66,1,0,31,1.5236160084347453e+18,,"‚Äúshe could have left so many times but she didn‚Äôt‚Äù
‚Äúthank you for putting up with me and my ways‚Äù
‚Äúi want to publicly apologize to you‚Äù
‚Äúi put this woman through so much but she loved me through it all‚Äù

saddest part, this is be in the engagement captionüòÆ‚Äçüí®üòì https://t.co/VqAAbYZmCR"
1316225902070517761,2022-05-07 01:27:31+00:00,1522749939754823680,en,2,0,0,0,1.522698415599022e+18,,"Sooo #streaming was as rough as I thought it would be, we solo que‚Äôd and I just want to publicly apologize for everyone that got me as a teammate today üòÇ #ApexLegends was fun but I need some serious practice lol https://t.co/2U86IYGSaX"
1210928730287116288,2022-05-06 16:53:32+00:00,1522620590883958784,en,2,0,1,1,1.522077209258832e+18,,"@WaltDisneyCo  this isn‚Äôt going away. We will not forget. Fix this. I want to give you money, can‚Äôt support this. Get rid of your DEI reimagine tomorrow program. Publicly apologize. Until then #BOYCOTTDISNEY #donewithdisney https://t.co/XInnn5u4gR"
1091195456145649664,2022-05-05 18:38:58+00:00,1522284735778549760,en,0,0,0,0,1.522273949744124e+18,,"Good but imo, not good enough.  The employees at @BMO, the officers, and @BMO need to publicly apologize.  Perhaps the victims don‚Äôt want to be there when it happens, I can understand that but that doesn‚Äôt preclude a full page ad nation wide apologizing for this w/o naming them! https://t.co/zpJZhXDgKS"
1210928730287116288,2022-05-05 01:32:04+00:00,1522026308523503617,en,1,0,0,0,1.5219900712133345e+18,,How many of these types of tweets do you need to see @WaltDisneyCo before you correct the ship. I want to give you money. I want to create memories at wdw with my kids. End the regressive DEI reimagine tomorrow program. Publicly apologize #BOYCOTTDISNEY https://t.co/TeT5I5x2tR
1326567858747420672,2022-05-01 16:53:25+00:00,1520808622611120128,en,3,0,0,0,1.520802729173545e+18,,I want to publicly apologize for any names or information I butchered...... ü§£ https://t.co/W114qESJgX
386750287,2022-04-29 16:41:35+00:00,1520080869175791616,en,1,0,0,0,1.5200706760230625e+18,,I want to publicly apologize to this young lady- I misunderstood and thought that this was the perfect opportunity for day drinking. https://t.co/4U0dd9ana1
1384281684045008900,2022-04-27 22:05:11+00:00,1519437528352366594,en,0,1,2,1,1.5078048096420536e+18,,"i want to apologize publicly. there's no such thing as a ""murcia"" and i was wrong to say that. https://t.co/90G68GmRkV"
816722707194740736,2022-04-26 20:18:36+00:00,1519048320483799041,en,188,4,25,5,1.5182183565112812e+18,,"I responded to @MateoLevin tweet to quickly. I see your thing is humor.

I want to publicly apologize for calling you an idiot. 

Why your post triggered me is this; I've been the Chabad guy on the street putting on tefflin. 

It's not an easy job. These guys are unsung heroes. https://t.co/F10yjH4uMd"
921998724750069760,2022-04-25 11:41:51+00:00,1518555886578511874,en,54,1,13,6,1.518550914742866e+18,,"I want every ""kanjar"" who blamed &amp; shamed her to apologize publicly now. Now show your wits https://t.co/0iWUKOomoy"
18139703,2022-04-23 23:28:42+00:00,1518008995646259207,en,12,0,3,0,1.517550575352701e+18,,"I want to publicly apologize to @nprscottsimon for missing the opportunity to say ‚ÄúScott, let me *brief* you on this legal doctrine.‚Äù

I won‚Äôt let it happen again. https://t.co/uzf7Iroxcr https://t.co/11fJOoB8C7"
1343738324641603585,2022-04-22 12:39:55+00:00,1517483336456933377,en,3,0,1,0,1.5174733241248522e+18,,"I do not want to get my investment advice from the SEC, nor Gary!! They are biased, they bully other kids in the school yard and take their lunch money. Until the SEC stops suing everyone that they do not like, undo the mess that they have created and publicly apologize, I'm out! https://t.co/U7779p98vS"
1401918631190073352,2022-04-21 13:11:08+00:00,1517128803734233094,en,6,0,3,0,1.5114120489403843e+18,,"I‚Äôd like to publicly apologize to the Amish. Please, I just want a normal phone again. üò≠ https://t.co/yiyKR8xLaw"
379368187,2022-04-20 11:44:46+00:00,1516744682654425091,en,0,0,0,0,1.5166114677720023e+18,,i want to publicly apologize for this https://t.co/loNvUKzWHZ
2591307505,2022-04-20 06:01:11+00:00,1516658216138018820,en,3,0,0,0,1.5157859680741704e+18,,"I want to publicly apologize to everyone from the valley. If the earthquakes happening today has anything to do with my tweet. I‚Äôm deeply sorry. I would never purposely hurt someone, ever, and if I knew this would've been the outcome, I never would've done something like this https://t.co/2ivgYDSWmJ https://t.co/5XgyKtBQMm"
1858639627,2022-04-19 18:14:36+00:00,1516480398519328773,en,2,0,0,0,1.5164119489167442e+18,,"My heart feels heavy‚Ä¶.
I really hope this is resolved.
Fuck the drama‚Ä¶. We don‚Äôt want the world to be deprived of Kudi X Kanye‚Ä¶.

Kanye be the bigger man. Apologize publicly &amp; take responsibility. https://t.co/T7QDD6nQKV"
940864903912546305,2022-04-18 13:28:28+00:00,1516046000884011015,en,2,0,0,0,1.5157272016012124e+18,,"I would like to correct myself; a little while ago, I attempted to correct a friend about Mys Utada's pronouns, but I told that friend that they/them were the correct pronouns, and I just want to publicly correct myself and apologize. https://t.co/8VMrKROiYp"
1089936401880240128,2022-04-02 07:18:13+00:00,1510154620022431752,en,0,0,1,0,1.5096187568798843e+18,,@soulblade509 I want you to publicly apologize to this man right now https://t.co/B0zbG8mLHQ https://t.co/9tGhf6s89i
864566720870088705,2022-04-02 03:15:43+00:00,1510093594656395267,en,0,0,0,0,1.5100664701555835e+18,,"I want to publicly apologize for anything negative I have thought/said about Kentavious Caldwell-Pope.

He‚Äôs a better basketball player than I thought he was. https://t.co/YfXK44rXJX"
823924739051835393,2022-03-29 20:56:14+00:00,1508910929731330067,en,0,0,1,0,1.5082749982340014e+18,,"Will:""I would like to publicly apologize to you, Chris. I was out of line and I was wrong. I am embarrassed and my actions were not indicative of the man I want to be. There is no place for violence in a world of love and kindness.""
Will is a real gentleman. https://t.co/Wz4qwpuAtD https://t.co/N2gkH5VIe7"
383994272,2022-03-29 18:40:03+00:00,1508876656844410884,en,1,0,0,0,1.50858789705361e+18,,"I would like to publicly apologize to you, Chris. I was out of line and I was wrong. I am embarrassed and my actions were not indicative of the man I want to be as there‚Äôs a drive into deep left field by Castellanos and that‚Äôll be a home run. And so that‚Äôll make it a 4-0 ballgame https://t.co/KlDJitSCEE"
2610702415,2022-03-29 15:43:50+00:00,1508832312661749761,en,4,0,1,0,1.5085045327619564e+18,,"Before March 27, 2022 I thought this was the ugliest shade of green. I have come to this platform today to publicly apologize to lime green. I was out of line and I was wrong. I am embarrassed and my actions were not indicative of the woman I want to be. https://t.co/4zoEzmPuoU"
1030429688664080389,2022-03-29 09:05:35+00:00,1508732088018771968,en,0,0,0,0,1.508731674187772e+18,,"‚ÄúI would like to publicly apologize to you, Chris. I was out of line and I was wrong. I am embarrassed and my actions were not indicative of the man I want to be. There is no place for violence in a world of love and kindness.‚Äù https://t.co/3OU4gaok4o"
774118997352603649,2022-03-29 04:32:16+00:00,1508663305648238592,en,0,0,0,0,1.5086623422670234e+18,,"#WillSmith wrote
""I would like to publicly apologize to you, Chris,""
""I was out of line and I was wrong.""

""Joke about Jada's medical condition was too much for me to bear and I reacted emotionally.""

""I am embarrassed and my actions were not indicative of the man I want to be,"" https://t.co/85JIApf8nb"
14148926,2022-03-29 01:32:05+00:00,1508617962470592516,en,1,0,0,0,1.5086174430145004e+18,,"took WAY too long to get here but thank you Will Smith. ""I would like to publicly apologize to you, Chris. I was out of line and I was wrong. I am embarrassed and my actions were not indicative of the man I want to be. There is no place for violence..."" https://t.co/1m1JAOxSWD"
28733993,2022-03-29 01:10:45+00:00,1508612594218803208,en,148,0,4,7,1.508510876571218e+18,,"I would like to publicly apologize to you, Chris. I was out of line and I was wrong. I am embarrassed and my actions were not indicative of the man I want to be. There is no place for violence in a world of love (is love) and kindness. https://t.co/QgwIwS5GwO"
108343240,2022-03-29 00:12:52+00:00,1508598026700562434,en,15,1,13,2,1.508588948976808e+18,,"""I would like to publicly apologize to you, Chris. I was out of line and I was wrong. I am embarrassed and my actions were not indicative of the man I want to be. There is no place for violence in a world of love and kindness,"" Will Smith wrote in an Instagram post. https://t.co/RqWsmeGJOi"
29270341,2022-03-28 23:54:09+00:00,1508593315603697677,en,36,2,3,27,1.5085434980264673e+18,,"#BREAKING re: #WillSmithAssault 
#quote ""I would like to publicly apologize to u, Chris. I was out of line &amp; wrong. I am embarrassed &amp; my actions were not indicative of the man I want to be. There is no place for violence in a world of love &amp; kindness‚Äùü§¶üèº‚Äç‚ôÄÔ∏è
#BlueVoices
#DemVoices1 https://t.co/Nh2dfUVDhQ"
63123365,2022-03-28 23:39:39+00:00,1508589668845072384,en,0,0,0,0,1.5085882613750333e+18,,"‚ÄúI would like to publicly apologize to you, Chris. I was out of line and I was wrong. I am embarrassed and my actions were not indicative of the man I want to be. There is no place for violence in a world of love and kindness.‚Äù https://t.co/8Dz13HsYgm"
1101270022910029824,2022-03-26 04:01:14+00:00,1507568332073050115,en,0,1,0,1,1.5075679849145508e+18,,2nd I want to publicly apologize to Caleb Love boy you like that https://t.co/30JS41D6ti
1293355637708070913,2022-03-25 21:53:55+00:00,1507475895543427075,en,0,0,0,1,1.5074695862742753e+18,,"and yes, I see she just responded; while not necessarily responsive to Ubukata's replies
she's not under any obligation to prostrate herself before everyone to PUBLICLY apologize
doing that'd make ANYone feel uncomfortable
&amp; it's clear that both she &amp; Ubukata just want to move on https://t.co/nYL09eO40s"
956386348956569601,2022-03-23 17:45:26+00:00,1506688586535477256,en,44,0,2,2,,,"yea, no.

this ongoing trend I see *everywhere* where you get to show your ass publicly but then want to apologize privately isn't it. https://t.co/6NQAB58jA1"
1360974055952777219,2022-03-22 06:12:09+00:00,1506151726830731265,en,0,0,1,0,1.5060940958565048e+18,,"‚ÄúRecently I was part of a stream, and I made some very negative comments towards a fellow streamer, Karrot. I want to publicly apologize for this, and for how it has affected her and her community. I‚Äôm truly sorry for the comments made, and I'm going to make sure to never have co https://t.co/DN2o01Xp0q"
1369797671825838088,2022-03-22 04:04:20+00:00,1506119562168832000,en,8,0,2,0,1.5060940958565048e+18,,"Recently I was part of a stream, and I made some very negative comments towards a fellow streamer, Karrot. I want to publicly apologize for this, and for how it has affected her and her community. I‚Äôm truly sorry for the comments made, and I'm going to make sure to never have com https://t.co/qC3V1hCDxz"
311932661,2022-03-20 18:15:46+00:00,1505609056681336832,en,22,1,1,6,,,"First, u better learn how to apologize properly, i mean u didn't even mention the name of group you disrespected???
And we don't want u to firing anyone! Y'all brave enough to post the trash vid on tiktok but not to make a simple apologize video?? Make THEM apologize publicly! https://t.co/JEZXRCMj6Z https://t.co/iuUHUyNwcF"
336904434,2022-03-20 03:22:55+00:00,1505384363738947588,en,8,0,0,1,1.505351444819751e+18,,"I want to publicly apologize to everyone for talking down on Chris Lykes.  

One of the most clutch Hogs ever. He‚Äôs won us several games this year with the icy FTs down the stretch, and we definitely wouldn‚Äôt be here without him.

HE IS LYKES DAT!!!! https://t.co/iJVjeL0ghw"
1472666155278118918,2022-03-19 18:13:11+00:00,1505246016316092420,en,0,1,1,0,1.505245294421807e+18,1.505245294421807e+18,"https://t.co/SGX228oQ7E

I don't know

Just say hi

Apologize for for the cease and desist like I very publicly apologized for the restraining orders

Say my texts were refreshing and you want to get to know me again

Feel safe now?

I'll probably be nice back https://t.co/cJK2NuRbMy"
1483558813353627651,2022-03-19 13:21:57+00:00,1505172726759276544,en,38,0,4,0,1.504908312772739e+18,,"i also want to publicly apologize to anyone i hurt while i was defending Belle a few weeks ago. it was wrong of me to overstep and include myself in drama that wasn‚Äôt about me. i‚Äôm not a dramatic person, i‚Äôm not problematic, i was trying to defend a ‚Äúfriend‚Äù bc she seemed- https://t.co/DDLFnC7vH7"
1258951176080560130,2022-03-17 14:57:20+00:00,1504471956963307528,en,5,0,0,0,1.5044648077930742e+18,,"So I am guilty of this and I want to publicly apologize for it. I meant to be friendly, but I realize now I should not do this. 

THANK YOU STEVE. Always dropping knowledge for dummies like me. üòÇ https://t.co/aLPO2hVrHC"
1362643505126936576,2022-03-17 10:41:29+00:00,1504407570102243333,en,1,0,1,0,1.501738317557248e+18,,I want to publicly apologize for this tweet im so sorry i will slap myself in the face enforcer is literally the biggest baby he will work his 9-5 jobwork and then come call you after his work and then ask if you want small treats and cook dinner for you i am so sorry https://t.co/kZHPrrsq8t
412722456,2022-03-15 01:35:55+00:00,1503545496404733952,en,2,0,0,0,1.5022678037385175e+18,,"Just got out of my second viewing.

And I want to publicly apologize, especially to @Tortzici 

This movie was REALLY fucking good. It‚Äôs a close runner up to the Dark Knight, and I do have gripes, but it IS an excellent Batman film.

Top Quality, and this is why I see shit twice. https://t.co/sFeKfMHzQm"
1390108084337532938,2022-03-13 23:16:59+00:00,1503148144707739649,en,0,0,0,0,1.5030053397714452e+18,,Double retweet. Yo publicly I want to apologize. I came at you kinda hard before but I actually f w u now. I‚Äôm sorry dude. Keep killing it https://t.co/Rch969W2qx
208130580,2022-03-13 22:42:38+00:00,1503139499269840902,en,3,0,0,0,1.5030896291253944e+18,,I want all the people who chipped in for the billboard a few years ago to PUBLICLY APOLOGIZE!!! https://t.co/3XEQzv4h8P
1308842176546304006,2022-03-12 16:43:31+00:00,1502686737318957061,en,1,0,0,0,1.3722420046551122e+18,,"remember when i said pisces is the worst zodiac sign? i want to publicly apologize and take it all back, ily fishies. it's aries who's winning at toxicity for me https://t.co/yMl3LJafo2"
173207710,2022-03-09 19:32:04+00:00,1501641992039587841,en,15,0,2,0,1.5016373025183867e+18,1.5016326072216494e+18,"This got out of hand. I certainly didn‚Äôt mean to judge anybody. I need to educate myself. I want to publicly apologize to @axecop and @phillerddillis. To be honest, I‚Äôve been going through some hardship myself.

https://t.co/94ZojscdVr"
3399786267,2022-03-08 21:05:15+00:00,1501303053500272649,en,0,0,0,0,1.5005230302583603e+18,,"Shayne, I take back everything bad I said about you and I want to publicly apologize. I‚Äôd marry you in a heartbeat. https://t.co/3Rg00Qp9a5"
1192461414876798978,2022-03-07 19:58:19+00:00,1500923821712359425,en,2,0,1,0,1.5009122633264824e+18,,Because of this dumb prank I ran to ig! I want you to publicly apologize for this behavior!! https://t.co/7CvW4YMgTw
3355322537,2022-03-06 15:13:19+00:00,1500489711496105990,en,0,1,0,0,1.500466352745812e+18,,I want publicly apologize to @Aceeiito‚Ä¶ during the intervention‚Ä¶ I found out my eating habits are trash too‚Ä¶ü§£ü§£ü§£ü§£ https://t.co/8NknZBRdlL
15146681,2022-03-03 04:08:13+00:00,1499235167658987522,en,1,0,0,0,1.4991463806732616e+18,,I want to publicly apologize for some of my private criticisms of the last three seasons of Homeland https://t.co/Q7VVUvIq5k
2935686243,2022-03-02 23:36:56+00:00,1499166897216143360,en,2,0,0,0,1.4990969414052946e+18,,I don‚Äôt EVER want nobody to apologize to me publicly.. bitch don‚Äôt make me look crazy https://t.co/b4GgZcZmV6
1077431365,2022-02-24 11:02:31+00:00,1496802714768089088,en,1,0,0,0,1.4966958307151421e+18,,"I want to publicly apologize for ever liking Tulsi Gabbard. I was blinded by her 2016 support of Bernie and allowed that to shape my opinion. Once I looked into her actual politics, I realized my mistake. 
Blaming this on Biden/NATO, instead of the actual aggressor is disgusting. https://t.co/UXrSoSjnBt"
234980841,2022-02-21 20:20:17+00:00,1495855918596116482,en,0,0,1,0,1.4958544560801587e+18,,"We are reviewing a VERY good movie this week on the @cinemachaingang podcast.

Also want to take a moment to publicly apologize to @nickriccardo --he told a funny joke during the recording of this that I laughed at on the train listening back but didn't laugh at to his face. https://t.co/fjBcgaVCt1"
855633260,2022-02-19 20:42:36+00:00,1495136759700766726,en,1,0,0,0,1.494518801001431e+18,,Nope. To hell with any POS that supported closing businesses and taking Freedoms away from people. You‚Äôll only be forgiven if you apologize for your ignorance and stupidity and publicly beg for it. Otherwise I want nothing to do with anyone like that again. https://t.co/ocYMnUl6vb
4048289963,2022-02-18 19:50:11+00:00,1494761182766546952,en,0,0,0,0,1.4911414401051853e+18,,realizing that i missed the opportunity to make inej's layout purple and nina's red and i want to apologize publicly https://t.co/5yYE38JZUH
1120885782,2022-02-18 13:55:16+00:00,1494671864857305097,en,0,1,1,0,1.4946685905990042e+18,1.4946685905990042e+18,"@TorontoStar @liberal_party @JustinTrudeau @globeandmail @reggcohn @netflix @CBCNews @BBC @DrFahadRazak @UofT @cdavidnaylor @IDF @ChineseEmbinUS @Beijing2022 @POTUS @jaketapper @nytimes @genocide_watch @PMOIndia @UN @timesofindia @htTweets @TimesNow @joerogan @BBCBreaking @ImranKhanPTI @TuckerCarlson @FoxNews @MelissaLantsman @CTV @CPC_HQ @CandiceBergenMP https://t.co/z3a0IHvhj1
I want to ask all Jews in the Con Party - you really think the PM should apologize for criticizing elements in the CP who are in cahoots with and PUBLICLY encouraging swastika flag wavers? Please don't prove me right on tweets about Jews in bed with Nazis."
721089269268242432,2022-02-15 02:43:39+00:00,1493415681693413378,en,0,0,0,0,1.4934122766191288e+18,,"@LesleyRStahl 
Ethics?  Integrity?  Humility?  
You should publicly apologize.   Then get help to understand why you can't recognize truth.  Is it greed?  I wouldn't want to be you right now.   ü§° https://t.co/G6INyxLOwx"
1237365072957181959,2022-02-13 17:27:54+00:00,1492913434542972932,en,1,0,0,0,1.4929100619702026e+18,,"I don‚Äôt care if it takes 10 years! We DEMAND JUSTICE‚Ä¶,including for 1-6-21
We need NANCY under oath!  WHO gave orders to open the big doors! We want to know WHO gave order to stop counting! and we need to PUBLICLY APOLOGIZE TO NIXON AND HIS FAMILY!  If we don‚Äôt ‚Ä¶we are done https://t.co/OINVlITZSC"
3309824255,2022-02-13 14:04:23+00:00,1492862217049587715,en,8,0,0,2,1.492861774441468e+18,,I want to publicly apologize to everyone in the Smash community for this reply. This is the most regretful and despicable thing I‚Äôve ever said. I swear this isn‚Äôt how I really am. https://t.co/euvJUvffUE
1343257274215788546,2022-02-13 03:13:02+00:00,1492698301589856258,en,8,0,2,1,1.4926842836595753e+18,,"I don‚Äôt want your DMs. I want you to take action and fire the two clowns Dylan and Peyton and apologize publicly and privately to all the people who were mistreated by you and your org. I don‚Äôt want your cowardice. I want action, a HUGE culture change, and accountability. https://t.co/mlkczo3XVK"
816185116636676096,2022-02-10 03:50:49+00:00,1491620646975066113,en,5,0,1,1,1.4916129828701716e+18,,hey guys i want to publicly apologize for this tweet. hes being cute now https://t.co/hlukC9aRvm https://t.co/HtN3h9Zw2D
88207628,2022-02-09 15:30:54+00:00,1491434438101966849,en,8,0,0,0,1.490369228511363e+18,,"I want to publicly apologize for this post. I didn't realize at the time that theater 1 at Village East was called the, ""Jaffe Art Theatre."" I clearly didn't do enough research and I'm sorry for any offense I may have caused. https://t.co/KAYDwEulQj"
1386481515291308032,2022-02-08 02:39:59+00:00,1490878043359182849,en,30,0,4,0,1.490876295286182e+18,,"I am hereby publicly stating that i hate anyone of french nationality, also canadian, but especially french-canadian. i will not apologize for this. Also if ur fat and ugly i hate u, also i hate wassies and want them ded.

doin my part to increase the toxicity of the ct https://t.co/2zO1m6T3Vc https://t.co/6uOpvxGF9k"
1870785781,2022-02-07 23:41:52+00:00,1490833217519501312,en,29,0,5,0,1.4908322480354836e+18,,"I want to publicly apologize for getting really excited about Caitlin Clark, a player who just had a 46/10 game and averaged 39/9/6 for the week

I promise to be better https://t.co/osLIoEcCUd https://t.co/HmI8O6RTeH"
1168330315892441088,2022-02-07 19:17:50+00:00,1490766774312316928,en,4,0,1,0,1.4906153901618872e+18,,I want to publicly apologize to our fanbases üòµ‚Äçüí´ bc damn I saw those categories and oh my https://t.co/HTfsJkXjAV
1468456386829107203,2022-02-02 06:19:43+00:00,1488759014901047297,en,2,0,2,0,1.4887558070217933e+18,,"I want to publicly apologize and clarify some things, everyone.

First, I'm a lawyer. Actively licensed.

Second, I misworded my tweet. It is not a failure to understand legal principles. I fully know that Twitter is a private company and that the first amendment does not apply https://t.co/TuD5P1kV2S"
1240280727331225603,2022-01-31 20:11:13+00:00,1488243492174417921,en,36,0,3,0,1.4878314858267075e+18,,"After seeing the hatchening, I just want to publicly apologize to @capsule_house @seerlight &amp; @Kaejunni for fudding their project and calling for a 10E floor. ü§Ø https://t.co/p7PBQ4i1Qd"
2658964479,2022-01-30 18:34:36+00:00,1487856791853715457,en,3,1,1,0,1.487819147090309e+18,,"I'm not kidding, this is the saddest shit I've seen all season and it gets me emotional. 
Samuel Montembeault is one of the magical stories of this disaster and to see him left alone and clearly mentaly hurt by it....
I want this team to publicly apologize to him. PUBLICLY. https://t.co/HrvflppiHq"
543838520,2022-01-29 22:43:20+00:00,1487556998958772225,en,1,0,0,0,1.4875066844445573e+18,,I want to take the time to formally and publicly apologize to all those who might have been offended by these series of tweets. i‚Äôve done some research and I am now fully aware that women do more than just be shopping. women also brush they hair. comb they teeth. eat hot chip. https://t.co/Qk2atqgjsZ
52860150,2022-01-29 02:43:32+00:00,1487255060052529154,en,4,1,2,1,1.4867309049700065e+18,,I just want to publicly apologize for voting for Barack Obama. I didn‚Äôt know he was a Zionophobe Jew-Hater who just All Lives Matter‚Äôd the Holocaust and supports the Iranian regime and continues to support them through Biden. I was a libtard. Forgive me fam. #AmYisraelChai ‚ú°Ô∏èüòûüïØ https://t.co/HhztQ0JE7I
903308909523329024,2022-01-28 19:59:03+00:00,1487153267058556938,en,11,0,3,0,1.4870500066412257e+18,,I will now officially announce that I am becoming an alcoholic and I want to publicly apologize to my gf and my parents https://t.co/t9q9Ex02ko
47865275,2022-01-28 03:16:14+00:00,1486900902082588674,en,0,0,0,0,1.4861647161498296e+18,,"""And so that's why I want to apologize for my past fibs about vax and pledge to publicly take the jab next week."" https://t.co/D36juNYwjP"
1295435097085222913,2022-01-27 01:27:35+00:00,1486511170878156802,en,2,0,0,1,1.4865105672967455e+18,,I want to publicly apologize not only to my caucus but to my constituents. To my caucus if you truly do not believe I‚Äôm the right person to lead you I will step down no questions asked. To my constituents I swear and promise to you I will do better. I sincerely apologize to all. https://t.co/b1sQu4Vffn
1247617219477020675,2022-01-24 00:10:24+00:00,1485404582121553936,en,6,0,0,0,1.4854040053124383e+18,,I won‚Äôt lie and say I never want to say the same thing. I am responsible for my alters actions and I apologize for them. But doing that I don‚Äôt fucking understand how you can do that ü•∫ sora publicly knew about my DID even wanting to be friends with my alters this hurts‚Ä¶ https://t.co/XhMwMYRrbI
818830485593866240,2022-01-21 21:58:43+00:00,1484646668070969345,en,9,0,2,3,1.4846158059082752e+18,,"This is a very strong argument actually! 
I also want to publicly apologize for sounding, to my ear, congested. https://t.co/yXvTJUmYCl"
2996161037,2022-01-19 01:18:17+00:00,1483609724079816704,en,13,0,1,1,1.4836020643577938e+18,,"I want to apologize to @TSLAFanMtl publicly

I said Elon talked about self driving cars in 2016. Actually he started in 2014

So 2 extra years of lies (up and to the left) https://t.co/DaAi1Kig72"
1083830417575346177,2022-01-18 05:23:53+00:00,1483309144337784833,en,1,0,0,0,1.4833010879898255e+18,,I just want to publicly apologize to @russwest44 GAH DAMN HE THREW IT DOWN!! https://t.co/lQUmC9T9mb
1286473037878038529,2022-01-15 21:52:21+00:00,1482470738540085252,en,189,1,5,8,1.4824704007895572e+18,,"This is the correct mentality. I want to see everyone who doubted him apologize publicly.

Some don‚Äôt know ball. You know who you are. https://t.co/4IyngWUprH"
1478884969451864064,2022-01-09 17:26:52+00:00,1480229599674093569,en,0,0,0,0,1.4800578645848433e+18,,YES. i loved him but shes so right in this and ugh i want him to apologize publicly that wasnt okay https://t.co/7SDHYXmQgu
4504895053,2022-01-09 03:50:05+00:00,1480024049891909632,en,0,0,0,0,1.4777855810358723e+18,,i want to publicly apologize for the words i used https://t.co/RnfGUzwzrf
731537313738579970,2022-01-08 23:32:10+00:00,1479959142961799170,en,0,0,0,0,1.479949320753496e+18,,I want to publicly apologize to Brandon Ingram for wanting 0 over you. The Green Team is a mess. https://t.co/a7A1Iy4Dug
1388376239648423937,2022-01-06 21:44:46+00:00,1479207336426287109,en,0,0,0,0,1.4792063850532823e+18,,Then I want to publicly apologize to you then for linking you to Cole today. You have clearly distanced yourself. My personal opinion on this doesn't matter much but I think this is HUGE for you and the space going forward because we need more positivity. I shared negativity. ‚ù§Ô∏è https://t.co/rjPjYTLj8W
1451714296585596933,2022-01-06 14:18:52+00:00,1479095125062131715,en,0,0,1,0,,,I want @Penny_Heist12 to publicly apologize to all $INND @inndstock shareholders for all the false claims the lies the paid bashing you‚Äôve been doing NONSTOP for 48 hours. APOLOGIZE TO THEM ALL DOWN ON YOUR KNEES YOU ü§°!!! https://t.co/ka17RDkMxd https://t.co/MWPzFEhrgJ
3398717277,2022-01-04 05:41:15+00:00,1478240086382850050,en,5,0,2,0,1.4781895082438328e+18,,never in my life i will i ever want a nigga to publicly apologize to me https://t.co/5APnrkBnxI
104882099,2022-01-03 20:41:26+00:00,1478104235912974337,en,1,0,0,0,,,"I want to publicly semi-apologize in advance to my family for every future iteration of ""breakFAST....breakFURIOUS!"" I say in the mornings going forward https://t.co/IHqGHGcmZq"
1418934783883816968,2022-01-03 07:25:47+00:00,1477904002960482304,en,6,0,1,1,1.4775872404276552e+18,,I want publicly apologize to everyone who was offended by this tweet. It wasn't intentional to offend anyone. Please find it in your heart to forgive me. üò¢üò¢üò¢ https://t.co/rb3wQExGjz
2263702933,2022-01-02 16:30:54+00:00,1477678799902760963,en,0,0,0,0,1.4776622403419955e+18,,"As they should be. If Lukaku was my teammate I'd want him to apologize to the entire locker room and publicly as well before he steps foot on the pitch again 

#cfc https://t.co/12TNBZTanE"
860151097775857666,2021-12-30 19:09:43+00:00,1476631604172886026,en,2,0,1,0,1.476532820906582e+18,,"Hey guys I just want to publicly announce that the reason warzone is so broken rn I'd because I buy bundlesüò≠ 
To those struggling over the holidays in I deeply apologizeüíî https://t.co/cuEaPuuZXs"
733504079180095488,2021-12-29 22:34:56+00:00,1476320860193517574,en,2,0,0,0,1.476293066151514e+18,,I want to publicly apologize to anyone who actually clicked on that. Absolute cringe in every way. https://t.co/Tw6knicsPt
39804292,2021-12-28 13:27:40+00:00,1475820749780828166,en,13,1,0,4,1.4755676087873454e+18,,"I want to publicly apologize for not sacrificing my life for the sake of #HerdImmunityByInfection. Mostly because, as you know, SARS-CoV-2 keeps proving how useless it is, but also because I‚Äôm against #Eugenics and all that nasty #Ableism shit. #Disability #GeenDorHout #NEISvoid https://t.co/ePPFLGnyLC https://t.co/h0vnJYe8j4"
854912492912480257,2021-12-23 22:55:04+00:00,1474151600814018565,en,8,0,1,0,1.473738355116499e+18,,"I feel this thread, and now really want a tiny bottle of Beefeater and a cigarette. 

I also publicly apologize to the myriad adults I annoyed on those long DFW to SFO flights. https://t.co/0SoCa2PC4h"
770987447907999745,2021-12-22 02:34:25+00:00,1473482024707104769,en,2,0,0,0,1.4731388412467446e+18,,"I want Allysin Kay, Chelsea Green, Rebel, and Priscilla Kelly to apologize to #Undeniable @Tess_Blanchard, publicly and face-to-face for their unfounded and unsubstantiated accusations. https://t.co/rEnNPM2YUU https://t.co/UWobW3Cutg"
1259197321516023810,2021-12-21 11:10:26+00:00,1473249496440127492,en,3,0,0,0,1.4732015791048212e+18,,"i want to publicly apologize to mappa, every harsh word i said against you i take it back after you dropped this INFERNO OF A TRAILER https://t.co/g5wB6ai9KB"
204947960,2021-12-20 14:28:39+00:00,1472936992350605315,en,0,0,0,0,1.4729257102472888e+18,,"I want to publicly apologize for saying Tariq was better than this man right here smh. 

I was distracted by the app. https://t.co/ahpM5RRiUE https://t.co/9ugxxSYPSx"
28660297,2021-12-19 21:23:46+00:00,1472679071897292805,en,0,0,0,0,1.4726774639226716e+18,,I want to publicly apologize to Spagnuolo. https://t.co/T9HxyK9Z99
1221233100216205312,2021-12-17 23:38:13+00:00,1471988133096996864,en,0,0,0,0,1.4716733998607729e+18,,i want elton brand to publicly apologize for this contract. https://t.co/lvdDhCYdPE
1228489323449851904,2021-12-14 15:55:53+00:00,1470784617322065922,en,12,0,1,0,1.470783185520898e+18,,"//Just to piggyback- for anyone that was offended in any way, shape or form my my IC actions I want to publicly apologize. That was not the intentions, and we will correct it. https://t.co/WhbCoolaeq"
46585598,2021-12-13 21:05:55+00:00,1470500254541881365,en,0,1,2,0,1.4704983016109711e+18,,"If this is about @KimberlyROSE50, I totally fucked up. I usually vet someone before taking drastic action &amp; I didn‚Äôt this time. I‚Äôm feeling terrible &amp; want to apologize to her publicly. I reached out to a mutual Twitter friend to message her to let her know. I‚Äôm still blocked.üòî https://t.co/pZcIJKg4Dy"
1363370996,2021-12-11 01:26:14+00:00,1469478599757549570,en,0,0,0,0,,,i want to publicly apologize to the 5 people that liked this tweet. My size sold out https://t.co/eLKKKEJGnB
1155991125250990080,2021-12-09 18:42:24+00:00,1469014585344733188,en,1,0,0,0,1.4689744666508452e+18,,Oh yeah they wanted him to publicly apologize and to look some what sympathetic while doing it because they want to humiliate you at your own expense. I knew that this was going to come out before the year ended it‚Äôs so predictable. https://t.co/qqJUgPOSES
23234807,2021-12-08 20:52:55+00:00,1468685042851459079,en,434,0,22,8,1.4686192857569772e+18,,"I stand in shame before you and want to apologize publicly for being a shoddy journalist, Assless Chaos. ‚Äî Dan https://t.co/opSyNeqORC"
1284338532761260033,2021-12-05 21:56:52+00:00,1467613973713276929,en,0,0,0,0,1.4675982446706237e+18,1.467611335307391e+18,"@FreedPodcast @TheSire4 @DrewMackLoud @heberling_paul @CCalvinism I am 100% confident you are lying about this. So much so that I'm willing to apologize publicly if I'm wrong. 

You can show very easily that I am. And if your friends here care about your soul they'd want to see proof you're not lying too. https://t.co/SLTsNfiOsy"
548632136,2021-12-01 12:14:36+00:00,1466017886431023104,en,11,1,2,3,1.4660158842212393e+18,,"I want to publicly apologize to my cat Sir Smokey Mc Fluff Fluffy Pants for accusing him of abusing our Christmas tree.
He never ever did anything to our Christmas tree!
The tree is falling because has COVID. It is confirmed by WHO, CDC, FDA, EMA, RKI &amp; God Dr Fauci of course! https://t.co/x3BgqiBrfA https://t.co/VTqTC3fmPX"
1010121606,2021-11-30 03:29:56+00:00,1465523463247048708,en,3,0,0,1,1.465472496900137e+18,,I want to publicly apologize for my public resentment of Spielberg for being a massive dork in the American New Wave. The video of him reacting to the 75 Oscar noms was clouding my total judgment of the man. https://t.co/fYjpAQ6mYB
763531876082515970,2021-11-29 19:25:58+00:00,1465401668938436616,en,1,0,1,0,1.4621904405984502e+18,,"I want to publicly apologize for this comment, because #Arcane  was incredible!!!
I just went back to re-watch ep1 and I barely held back my emotions it was soo good!
This show is spectacular on every level and everyone should experience it at least once!!!
I'll do a rewatch 100% https://t.co/w2seZxOn8u"
47431128,2021-11-25 22:28:09+00:00,1463997964897107976,en,0,0,0,0,1.463856547046609e+18,,I want everyone who called him LeSnitch to apologize publicly https://t.co/XE7khP367d
1679541234,2021-11-25 01:17:39+00:00,1463678233904222210,en,0,0,0,0,1.4625439826808955e+18,,"Hi, my name is Melinda, and I‚Äôm a Fast Pass Plus-aholic. I didn‚Äôt know until this video that I was one of the few perpetuating this monster into existence and dominance. I want to publicly apologize for my actions and promise that I will be better. 

Enjoyed this so much, Kevin! https://t.co/KQCY51aHqe"
1443794727250194438,2021-11-21 16:36:53+00:00,1462460014279290883,en,2,0,1,0,,,"Never in my mind i want them to apologize publicly. It okay if they want to apologize  privately. But its happend so many times... and everytime this happen, u guys said the same things, 'educate him'. but are u guys really did it? Cause they keep doing it over and over again https://t.co/ErbT4WkANy"
852667273114505216,2021-11-21 01:06:55+00:00,1462225980349730821,en,0,0,0,0,1.462103792913105e+18,,"I dont care who he sues first. I think he should be like pokemon and catch em all!
But I want EVERYONE of them legally required to publicly apologize and admit to every lie they told!
@CNN @MSNBC @TheView @JoeBiden https://t.co/u5d2iSg0KC"
946488627768578048,2021-11-20 04:12:47+00:00,1461910367014207500,en,0,0,0,0,1.4618270961756815e+18,,@TeamCJCorrea just know if you sign with my damn Yankees I want a written apology and your first day on the job you better publicly apologize to The Captain and to Yankee universe... if you can‚Äôt agree to these terms that‚Äôs cool we want seager anyway jackass https://t.co/QrsazKX5Jv
986290782209392641,2021-11-18 21:37:48+00:00,1461448578740539392,en,18,0,0,1,1.461448318396121e+18,,I want to publicly apologize for not feeding my ghost producer - it was wrong and I will do it again https://t.co/Ao4QrcDqGx
90674568,2021-11-17 18:11:17+00:00,1461034219203874821,en,0,0,0,0,1.4610252941066404e+18,,"I want to go back in time to my old self watching my high school's girls basketball team playing Wesleyan and be like ""That girl's gonna have to publicly apologize for throwing a pretzel in 15 years."" https://t.co/7HcIu8yHjK"
1358273211872460800,2021-11-17 04:50:29+00:00,1460832691528548354,en,126,0,18,2,1.4608194518682952e+18,,"OKAY SO I want to publicly apologize to @colin_gladman for posting the same thing I was arguing against with him and others  yesterday. I was just putting ideas out there and didn't realize how hypocritical that was. I totally understand why he'd be upset, I probably would be too https://t.co/k7rsrmnYeG"
3328921920,2021-11-16 19:45:43+00:00,1460695597829312520,en,0,0,1,0,,,I want to publicly apologize for my TikTok that you probably didn't see. https://t.co/r2UOF5GGSI
922303497068072960,2021-11-12 13:21:38+00:00,1459149389327388673,en,1,0,1,0,1.459038922932056e+18,,"Thank you Mandy.  I appreciate @CastielsHamster having the courage and integrity to apologize publicly.  She is right about trust.  But, the first step to repairing trust is to want to repair it. That is a step most people are too proud to take.  It takes courage to do that. https://t.co/UJMF2SAX8w"
456393142,2021-11-08 21:13:29+00:00,1457818581651968002,en,55,0,5,3,1.457815233007743e+18,,I still want him to publicly apologize for calling Jimmy Stewart ‚Äúan objectively bad actor‚Äù. https://t.co/Onej1VxkSA
1355896161735991296,2021-11-08 17:38:19+00:00,1457764433221017608,en,29,3,3,5,1.4577602850417705e+18,,"I definitely do. Also, I want to publicly apologize to @sbarnettARK for being immature in the way I handled certain things. Can someone pls forward this message to him. https://t.co/35NB4emzA6"
2466594053,2021-11-07 23:54:47+00:00,1457496785216229387,en,0,1,0,0,1.4574036575075574e+18,,I want to publicly apologize- I got to the scene where Gamble quoted Ron Burgundy and the ladies ate it up https://t.co/hu71wPqcTJ
904225656,2021-11-07 14:00:47+00:00,1457347300976697352,en,26,0,12,0,1.4573076365342188e+18,,"Hey everyone, that was MY prompt, I want to publicly apologize to everyone for any problems I caused.  I changed the end of my answer and absolutely should have edited the entire answer to not come anywhere close to referencing any members of the community https://t.co/phf1twTtQS"
191102983,2021-11-01 16:55:43+00:00,1455216998330236930,en,38,2,5,0,1.4527104023626465e+18,,I just want to publicly apologize to #Rams GM Les Snead‚Ä¶.it all make sense now. I‚Äôll let you do your job. lol https://t.co/92C9Tflj2J
1420952793901268995,2021-10-31 20:47:23+00:00,1454912911508451333,en,7,0,2,0,1.4548324929853358e+18,,if they want to ‚Äúlearn and grow‚Äù they can do it sitting at home and reflecting on how their actions effected people. Not on tours (and I‚Äôll also add they didn‚Äôt even publicly apologize and had many chances to do so) https://t.co/uIhA8wlDHM
3091949152,2021-10-29 18:45:37+00:00,1454157489969246210,en,55,0,2,1,1.310706383621423e+18,,this was very funny but i want to publicly apologize for my role in encouraging people on this website to say made up words like ‚Äúneokaut‚Äù in arguments 24/7. yall are still on time out indefinitely https://t.co/qYVdzveDcS
1441269720,2021-10-29 01:42:58+00:00,1453900134677372944,en,0,0,0,0,1.4537914202387374e+18,,I want to publicly apologize for when I said I didn‚Äôt care for Black Mirror because I felt it was too on the nose and preachy. https://t.co/niSaoL5Itk
2195082948,2021-10-28 18:18:43+00:00,1453788333197434891,en,0,0,0,0,1.4537760757005066e+18,,I want to again publicly apologize for my Jalen Suggs tweet pre draft. https://t.co/I77AYeiVDr
835501181636075521,2021-10-25 09:42:02+00:00,1452571140560461835,en,4,0,0,0,,,i think giselle mightve annoyed the staff saurrr much until they allowed her to do so ... idk she seems like the type to want to apologize very publicly https://t.co/cXQLu5PaVG
1116204363205136384,2021-10-25 05:39:50+00:00,1452510192168423428,en,0,0,0,0,1.4525039832731197e+18,,Rush here cs i saw on tiktok they said 'did she think apologizing will solve everything?' like bro what did you want then. It's rare for sm artist to apologize publicly like this tho fr. https://t.co/3eFsIvU0eD
4750977774,2021-10-24 01:50:27+00:00,1452090078071693325,en,1,0,0,0,1.4518856490495754e+18,,"That black ocean, I really hope no artist go through this ever.EVER.I don't know why this culture exist! I genuinely want EACH AND EVERY person who mistreated boys before APOLOGIZE TO THEM publicly and promise not to do anything like this with any rookie group. https://t.co/TVXipwJ36w"
2727646707,2021-10-15 22:21:27+00:00,1449138377501122561,en,1,0,0,0,1.4491357541232517e+18,,CJ Stroud I want to publicly apologize‚Ä¶ That mfer can play. And to think we got Quinn  following? Buckeyes about to get 3-4 straight üòÇ https://t.co/XhRfwhIM5H
1252320770,2021-10-15 09:18:55+00:00,1448941446187282441,en,0,0,0,0,1.4488708759990723e+18,,Worst umpires in baseball. I want MLB to publicly apologize. https://t.co/cZyKV0TQPf
1145999884346109953,2021-10-14 17:41:21+00:00,1448705499164258317,en,1,0,2,1,1.4487026613484995e+18,,"dear zee,

i publicly apologize for calling you a coconut head. i clearly was acting like i didn‚Äôt want to s*mp for the world to see. this green is actually just doing sum to meü§§ and i‚Äôm in love w u

xo, alexa https://t.co/iNQKB9BV8j"
96887011,2021-10-13 13:21:11+00:00,1448277640411062277,en,1,0,1,1,1.4480699249964032e+18,,I used to give @jaynawayna so much heat for this. I just want to publicly apologize specy üôÉ. https://t.co/aTKnQbojlS
56760354,2021-10-11 14:38:52+00:00,1447572412644556805,en,3,0,0,0,1.447570993422246e+18,,"I WANT TO PUBLICLY APOLOGIZE TO 
@darealmike_dub for saying we shouldn‚Äôt of resigned you!! Im sorry!!! 

Now, get your money üí∞! https://t.co/8liSc3GxsP"
3357595449,2021-10-11 02:15:48+00:00,1447385413090529291,en,3,0,0,0,1.447375269623472e+18,,"i just want to publicly apologize, i am so sorry. i didn't know the zodiac killer was problematic :( https://t.co/BFCnU20B0B"
136447682,2021-10-10 04:40:57+00:00,1447059555956011008,en,0,0,0,0,2.5580995456755712e+17,,"Actually, i want to publicly apologize to @D3gray lol no lies were spoken üòÇüòÇ https://t.co/jZO3tWlq0d"
574633254,2021-10-09 19:27:13+00:00,1446920202537603073,en,0,0,0,0,1.446919417737007e+18,,"this show is shaping up to be a CANT MISS on any of their matchups

I want to publicly apologize to @JoshLBarnett over some silly ish I said a couple years back, basically I doubted his commitment to this and I was terribly wrong

definitely will watch this https://t.co/JMYqwoaGR4"
1286141211129122816,2021-09-29 18:42:00+00:00,1443284946597163023,en,0,0,0,0,1.3940088221974036e+18,,"I want to publicly apologize for this tweet. If you are from New Jersey, you may have credibility, but clearly this person didn‚Äôt. I am so sorry to all of the New Jerseyans out there, and I am truly ashamed of my words. I will do better. ‚ù§Ô∏è https://t.co/95zFlLSIuc"
34793240,2021-09-28 04:12:38+00:00,1442703774775136256,en,35,0,1,1,1.4426928000600023e+18,,I want to publicly apologize to everybody who listened tonight for not discussing Eli Manning‚Äôs double birds https://t.co/bWK6yXqNcv
48013066,2021-09-28 02:02:05+00:00,1442670918862401537,en,196,5,30,47,1.4425794561203937e+18,,"I just want to publicly apologize to everyone for financing, supporting, and voting for @SenatorSinema.  She fooled me too.  It won't happen again. https://t.co/Nt8EeUmwVx"
1253458292719988745,2021-09-26 22:18:56+00:00,1442252373167120391,en,84,1,18,11,1.442236493955625e+18,,"Hey guys,  l want to admit  that I misunderstood the message from another follower.  I am not perfect, but I want  to apologize publicly that I misunderstood the followers concerns. The follower may not forgive,  but I'm sorry. ‚ù§üôè‚ù£ https://t.co/piUxPdAF39"
15750040,2021-09-26 17:45:53+00:00,1442183657943445505,en,1,0,0,0,1.442172168415101e+18,,I want to publicly apologize to my brother. https://t.co/Qw5YbgmhZK
1298642141044850689,2021-09-16 16:57:20+00:00,1438547563632730121,en,1,1,1,0,,,"Oliver, Karmen, Ayanya. I don‚Äôt do gushy mushy messages especially publicly ha.. but I kinda, sorta, yeah, want to apologize for having rocks for brain but thank you for bearing with my shenanigans even after years have passed. https://t.co/C69Wv4isit"
1407744711784337417,2021-09-13 18:24:57+00:00,1437482447814500358,en,0,0,1,0,1.4374353302405407e+18,,"I don‚Äôt want to be the bad person here, but what if it didn‚Äôt create a big issue. What if nobody informed him the he‚Äôs being offensive? What if Mama B didn‚Äôt post about it? Will he still publicly apologize? I doubt that. https://t.co/ZkdloGBOyH"
1307168818221907969,2021-09-12 00:13:10+00:00,1436845305841033216,en,1,0,1,1,,,I want to publicly apologize cause I can't just leave this issue like this. I'm actually a nice guy and I'm just really passionate about standing for what's right. I'm sorry if I seemed like the kind of guy who encourages suicide. (1/?) https://t.co/8KOL0aFzYF
74084453,2021-09-11 02:17:42+00:00,1436514256690638853,en,0,0,1,0,1.436354488495915e+18,,"I want to publicly apologize to @rihanna.. I am so sorry girl, I thought this tampon was you üò™ https://t.co/4jaW4XGKAP"
54486478,2021-09-09 17:52:04+00:00,1436024623582302210,en,0,0,0,1,1.4358713551997583e+18,,"I still want this man to apologize publicly n say I'm sorry I made a mistake. My blood boils when I think of that day. I will never forget it. I felt so happy when we won the league on last day of the season, I enjoyed seeing their fans hurt like we did in that Rothmans final https://t.co/3kXwKuilH2"
3142553079,2021-09-05 11:40:55+00:00,1434481667419381760,en,0,0,1,0,1.43415422210748e+18,,"I‚Äôm so fucking done with this guy, knowing this guy will get what‚Äôs coming to him is simply not enough. I want him to publicly apologize for lying to the people of KY. https://t.co/40EwVwWIGg"
1133072441633255426,2021-09-04 15:10:50+00:00,1434172106682499079,en,2,0,2,0,1.4341647988501545e+18,,I want to publicly apologize to ever doubt this man. Top coach. https://t.co/31BT95IHxK
1261510548765790208,2021-09-04 13:42:10+00:00,1434149792737812484,en,4,0,1,2,1.4339507261584957e+18,,"I want to publicly apologize for this image.
.
.
.
Foxes were cancelled this week. By the popular vote I am a burr boi. 
I should never have worn the fox tail... off it goes‚úÇÔ∏è https://t.co/6m3bFxTZ8N"
1274087854440886275,2021-08-31 14:50:55+00:00,1432717541743415296,en,0,0,0,0,1.432716157627388e+18,,I want to publicly apologize for all those years of writing fundraising emails like this. üòÇ https://t.co/njsZWvKbzC
403745192,2021-08-31 14:03:04+00:00,1432705502161641484,en,0,0,0,0,1.300498328367571e+18,,I just want to publicly apologize for saying I didn‚Äôt want Fournette to come to Pittsburgh last year‚Ä¶would have helped for sure! https://t.co/F39agFU9zm
199058038,2021-08-27 12:34:12+00:00,1431233584552108040,en,0,0,0,0,1.4312325274783212e+18,,"I've got plenty of disagreement with Jorge Mario Bergoglio, but publicly proclaiming the Christian doctrine on the Old Testament law would not be one of them. Seriously? What, does the Chief Rabbinate want the Pope to apologize the New Testament scriptures? https://t.co/MznbjOxar6"
827352326,2021-08-25 19:39:19+00:00,1430615792777838593,en,0,0,0,0,1.430264566013911e+18,,"Just want to publicly apologize to my cat. I'm so sorry, girl x https://t.co/1vAjMkHEfr"
1106401908082835456,2021-08-25 04:37:56+00:00,1430388955208421377,en,0,0,0,0,,,i just want to publicly apologize in advance for the person i‚Äôm gonna become if this is true https://t.co/YRK4J9Yney
14361975,2021-08-23 20:45:19+00:00,1429907627710943238,en,31,0,3,1,1.4298534945974804e+18,,"I want to apologize to @bcantrill publicly for dumping on his slides. He's one of my all time favorite speakers and I didn't mean to cause an avalanche of negative feedback about his slides.

Here are my favorite talks he's given I highly recommend you watch them https://t.co/mjT661o8pC"
1408408448,2021-08-22 23:24:50+00:00,1429585381587030021,en,4,0,3,0,1.4295687378338857e+18,,I feel the need to publicly apologize üòöüòÖ but also publicly request you ask me if I want the pair of $120 shoes before buying them üòë https://t.co/cy9qysUQz3
15273757,2021-08-20 20:46:36+00:00,1428820786924691464,en,3,0,0,0,1.425635434688811e+18,,i want to publicly apologize because i thought i did something here but then i realized this was just arro con fideo. the best arro con fideo i‚Äôve had in my whole life tho. mua https://t.co/lskUMYIXHe
1326561190563155970,2021-08-12 17:53:57+00:00,1425878236957921291,en,0,0,0,0,1.4256256728405893e+18,,"I don‚Äôt want to hear anything about the border until
Jordan does something about his cover-up of sexual molestation at Ohio U
He could:

1-admit it
2-explain cover up
3-publicly apologize to the young men

Otherwise Jordan can sit down &amp; STFU ü§¨ https://t.co/IPHJZAfyIO"
1153139330015223808,2021-08-11 22:34:15+00:00,1425586387269693444,en,1,0,1,0,1.4255852773644943e+18,,"Oh.... 
I want to publicly apologize for my misinterpretation https://t.co/McmYFSOYd0"
302693147,2021-08-06 18:16:40+00:00,1423709624285474821,en,2,0,1,0,1.4237062349354598e+18,,I looked up the cat's instagram account after her owner corrected me. I want to publicly apologize to @nugsauce and say that we need more foster parents like her!!! She has saved her cat's life from a previous life of abuse. https://t.co/oI0wmb7ZfB https://t.co/gNwSNitmrT
1224716397776818176,2021-08-05 08:14:59+00:00,1423195819767783424,en,0,0,1,0,1.4231945095847158e+18,,i hope i‚Äôm not coming off as racist or anything. i don‚Äôt condone what chan did. i‚Äôm not trying to defend chan to get back on anything. i just want you to see it from his perspective. does he need to publicly apologize?? absolutely. https://t.co/XlJC6MECar
964307489704546309,2021-07-30 17:26:26+00:00,1421160268080500738,en,75,0,0,0,1.421159990035845e+18,1.4211592780150948e+18,I don't know how to find and unblock specifically who I accidentally blocked so I just want to publicly apologize in case they find this tweet üò≠üò≠ https://t.co/P129g7wfkb
1035461995481518080,2021-07-30 12:31:52+00:00,1421086136106164231,en,3,0,0,0,1.4104429461015306e+18,,i just noticed that when i took the ss of these i had the canvas flipped and i want to publicly apologize to baby i had no intention of hurting you in any way shape or form i was in a dark place https://t.co/vMRIvUw0GT
1187060220213825541,2021-07-29 21:07:44+00:00,1420853572808421385,en,2,0,3,0,1.4051970937492234e+18,1.4208513288765727e+18,@lucasrealwife @claudeslut @athysgf @thecosmicsalt i want to publicly apologize bc i forgot she had tweeted this:https://t.co/MU7HR799S2
1414214971248955410,2021-07-29 18:15:15+00:00,1420810165595430912,en,0,0,1,0,1.4208092300434637e+18,,I would like to publicly apologize for saying ‚ÄòOk he/him‚Äô on Twitter. To all of my 61 followers - this is not who I am nor what I stand for. I hope that I can reflect on my missteps &amp; move forward as a better person. I want to thank Luke Montgomery for holding me accountable https://t.co/18bJXpIMIy
2318175157,2021-07-28 15:39:25+00:00,1420408561977499653,en,29,0,8,0,1.41978826164036e+18,,"I want to publicly apologize to @HesterPeirce. 

I shouldn't have made any assumptions or put words in her mouth.

I respect her immensely and the work that she does.

When you are in the Princeton area next, we should go for a run or hike together. https://t.co/LiLsTIGcdj"
1224163278743535619,2021-07-27 22:39:17+00:00,1420151834853974020,en,9,0,1,0,1.4201318827259372e+18,,i want to publicly apologize for the crimes i committed today pls forgive me annie https://t.co/zEDqFRTpGl
1496997470,2021-07-24 23:00:11+00:00,1419069932390789120,en,12,0,0,0,1.418893195220562e+18,,i liked this and actually laughed out loud and then i saw who posted it and my eyes went wide with horror and i want to publicly apologize for this and own up to my behavior https://t.co/2qFzX4jNpR
1411545725952004097,2021-07-14 17:31:56+00:00,1415363445717938182,en,1,0,1,0,1.4152040498388746e+18,,Just want to publicly apologize to this man. I was 100% in the wrong and this dude is a class act. Very respectful and patient. #govols https://t.co/3RMeIVEr8o
14247236,2021-07-13 03:50:26+00:00,1414794322868940809,en,1969,11,26,338,1.4147626655666913e+18,1.4147013365207982e+18,@GOPLeader You need to publicly apologize for this immediately. There is no way MLK would ever want you Qevin to use his words to attack Americans. It‚Äôs a new low for you. Which I thought was impossible. https://t.co/ev1psHdNx4
1371657466061058048,2021-07-11 09:09:33+00:00,1414149855664955399,en,0,0,2,0,1.4141200192696197e+18,,I'm crying because the boys seems  very sorry for what they did; I believe they want to apologize publicly but are unable to do so; and I cried when I saw all of Teumes tweets in which they stated that they will stay and support them.üò≠ https://t.co/NaKRunF7KJ
1410537219224489986,2021-07-10 13:02:02+00:00,1413845970740256772,en,6,0,0,1,1.4135480802894193e+18,,i want to publicly apologize for the person i became yesterday https://t.co/nYlFvDwkFR
271309844,2021-07-10 01:50:16+00:00,1413676915920019459,en,2,0,1,0,1.4134703792265257e+18,,I want Andrew Friedman and Stan Kasten to publicly &amp; sincerely admit they were wrong &amp; to apologize for how they repeatedly dismissed our concerns when they signed Bauer. https://t.co/TLSmzkqGII
1164494172734337024,2021-07-09 03:54:25+00:00,1413345774260338688,en,0,0,1,0,,,"That‚Äôs true.  I want to refer to a point Cenk Uygur made the other day, when he said that this entire ‚Ä¶ whatever you want to call it ‚Ä¶ convinced him of how he needed to publicly apologize to Britney.

I‚Äôve also felt the same way for so long.  I hate that I said the stuff I did. https://t.co/CAYa8D1PZf"
224959488,2021-07-07 00:18:50+00:00,1412566742719733762,en,3,0,0,0,1.3813578777098363e+18,,I want to take this time to publicly apologize for this ridiculously asinine tweet. My account was hacked that day and I can confirm that they are indeed comfortable. üêä‚òÅÔ∏è https://t.co/kE3KaFXe8L
1261174278835195904,2021-07-06 17:24:23+00:00,1412462442312093697,en,2,0,1,0,1.412458858300203e+18,,"I want to publicly apologize to @dinodeku for this, IM CRYINSVS https://t.co/6mb0dDXzwS https://t.co/RMYbH8ZMRi"
778696609328537603,2021-07-06 17:09:12+00:00,1412458622316130315,en,38,0,2,0,,,"I want to publicly apologize to the Black &amp; brown folks at UNC for joking about this, because it is not a lighthearted moment &amp; I am really embarrassed that I treated it that way. I should have known this.

I can't take it back, but I'm looking toward what I can do to be better. https://t.co/StfBOlxR3h"
1013891931464785920,2021-07-05 06:01:21+00:00,1411928165631639554,en,1,0,0,0,1.4095140857339904e+18,,Hey I want to publicly apologize for this tweet; the way Kazuya's devil gene is incorporated is completely unrelated to his comeback mechanic and is pretty cool!  I just misunderstood from the way the quote was worded before actually watching the presentation. https://t.co/mXrhfMmSYG
1169501625918087168,2021-07-04 01:57:40+00:00,1411504453350576136,en,1,0,0,0,1.411389933894439e+18,,"I want to see Leticia James, DiBozo, members of the city council,  especially our own Justin Brannan, and Jumani, publicly apologize to the victims of crime spawn by bail reform, and hating the police!!! https://t.co/LZTAyBZ1si"
85524269,2021-07-03 20:02:35+00:00,1411415093519294468,en,0,0,0,0,1.4113331851414979e+18,,Why just the @Pontifex ? I want every European leader and every member of every Royal Family led by the Queen to apologize publicly and admit to the murders and loot! https://t.co/C6owSD3xTf
1019705600970813440,2021-07-02 00:55:30+00:00,1410764032953532424,en,6,0,0,0,1.410739581603881e+18,,"‚Äúi don‚Äôt want an apology‚Äù..... she literally threatened to sue Jessi Smiles if she didn‚Äôt publicly apologize. ????? Is Gabbie Hanna suffering from memory loss, delusions or is she simply just evil? How are you gonna gaslight the internet with all the proof out there??? i‚Äî https://t.co/CLDb4MOS0z"
950093577224380417,2021-06-30 20:02:41+00:00,1410327951921528838,en,0,0,2,0,1.3988733213332152e+18,,"$MJWL Hey all, a super charming fella @stockplayer_11 decided to cipher through my 762 tweets to find a gap that I posted but didn't fill (which I implied was not imminent w/ ""Cause hey, ya never know"". 

SP11, I want to apologize publicly. I promise to do better next time ü•∞ https://t.co/DqzxvJZjie"
1389741252501979138,2021-06-30 07:58:47+00:00,1410145777247297538,en,0,1,0,0,1.409386668906406e+18,,"I want to publicly apologize for making fun of people's concerns about this, because I'm not even half episode and I already yelled them to stop like fifteen times. I'm deeply sorry y'all https://t.co/60mWYhonjz"
1190367068262002688,2021-06-27 04:29:54+00:00,1409006046618611714,en,0,0,0,0,1.3963315470583153e+18,,I want to publicly apologize for this tweet.  This heat is making me retract this statement I made. I can‚Äôt take this. https://t.co/rzPE7HR3TM
839154194,2021-06-26 22:34:21+00:00,1408916569292521473,en,0,0,0,0,1.408634653808939e+18,,I just want to publicly apologize to Ernie Fraze and his entire family. You made us the perfect tool and yet we do this. https://t.co/S9nQHQ0iZl
194878335,2021-06-25 21:00:47+00:00,1408530634239270920,en,13,0,0,0,1.4084644134436905e+18,,"I want to publicly apologize to @c3rmenDraws. I overstepped and did not credit you in the process of the heron painting. This was an oversight on my end, as I should have made sure to credit you properly. Not doing so was unprofessional and inconsiderate, and for that I am sorry. https://t.co/ZnA04FMYko"
1261323798034382849,2021-06-25 08:23:47+00:00,1408340129429823488,en,1,0,0,0,1.4081867354864067e+18,,I think it's cool that people want to publicly apologize but what power are we giving these people to have their words hold such great meaning? https://t.co/ydtTRcga7w
714669102,2021-06-21 16:57:20+00:00,1407019818461634566,en,112,0,8,0,1.407015222804566e+18,,If/when this happens I want that one guy in everyone's mentions saying Hahn isn't going to do shit to publicly apologize https://t.co/ZWjrkGZwMs
3164848681,2021-06-19 01:45:08+00:00,1406065479949512707,en,32,0,5,0,1.4057143495497892e+18,,hewwo i want to publicly apologize to anyone i made feel super single from this and also want to apologize in advance for more photos next week from disney my bad homies https://t.co/tgJsNhbMhp
742453163098296320,2021-06-18 00:45:49+00:00,1405688163901837320,en,449,3,22,50,1.4056297094052618e+18,,The Knicks slam dunk won this trade and I want everyone on TV who trashed it to publicly apologize and give me $1 million each. https://t.co/vOid5sLddl
25365699,2021-06-17 19:08:29+00:00,1405603270819823616,en,1,0,0,0,1.4055241077063393e+18,,"I publicly apologize for this tweet, but I'll leave it up here as a public record of my folly (my white privilege talking). If there's a member of @tngop who's given @brotherjones_ reason to believe or hope that they don't want him silenced &amp; killed, I don't know who they are. https://t.co/Pp813n4Y5o"
4920147993,2021-06-16 12:11:23+00:00,1405135916201566211,en,2,0,0,0,,,"I want to publicly apologize to the entire world population. This is my fault. I wish I didn't tweet that male artists had to reinvent themselves, and I am really sorry for causing this. 
With the hope you all don't blame me, I will solve this problem with my own hands.üôè https://t.co/x7euO2ZaHg"
700754718,2021-06-16 08:28:20+00:00,1405079783956893700,en,0,0,0,0,1.4050772844579594e+18,,"CNA want nothing to do with her again, I guess.

But what happens when the person that kept coming back with an apology, waits a few months and slander you again? 

Or, why apologize to me privately when you have soiled my reputation publicly? https://t.co/PB62qcmkLg"
117122035,2021-06-15 14:20:55+00:00,1404806125523025929,en,246,131,183,98,1.404597840886829e+18,,"Elizabeth May says she won't publicly state her position on Annamie Paul's future, but she wants the new leader to apologize to Jenica Atwin.

‚ÄúLosing Jenica is not something I am prepared to accept without a fight,"" May said. ""She is a Green ‚Äì and we want her back.‚Äù https://t.co/GCx87e34vd"
446416061,2021-06-14 15:23:20+00:00,1404459447527768065,en,1,0,0,0,1.4042133330964275e+18,,I just want to publicly apologize to my siblings and mom for doing this too many times lmao https://t.co/JycZLhttyg
1044786367425703937,2021-06-13 06:42:19+00:00,1403965940212011012,en,4,0,1,0,1.4036031377814036e+18,,I would like to publicly apologize I was not aware this was flirting. I do not want youüßçüèΩ‚Äç‚ôÄÔ∏è https://t.co/RdCbDUduRS
186269319,2021-06-13 01:32:26+00:00,1403887956549541890,en,1,0,0,0,,,"I can just see it now

‚ÄúI want to publicly apologize for my actions over the weekend. I had no idea how insensitive it was of me to ________. I never considered the implications of _________ on __________ people. I will be taking some time to educate myself and others. Sorry.‚Äù https://t.co/edwPlTFFPG"
1137172293803814912,2021-06-13 01:06:04+00:00,1403881320514740231,en,0,0,1,0,1.4038808887237181e+18,,"As an update account I want to be honest with you guys. It‚Äôs me, I‚Äôm Aylene. I want to publicly apologize to Comet for sending him packages. I‚Äôve decided it‚Äôs best for me to step back and end my time as COMET UPDATES! Thank you for the support ‚ù§Ô∏è‚ù§Ô∏è https://t.co/pDKzJEmVRT"
332837912,2021-06-12 02:47:46+00:00,1403544526992515072,en,0,0,0,1,,,so you wanna report my acc and make me get suspended? for freaking what? just because you dont have any funny sense in your blood veins? now i want you to publicly apologize! https://t.co/21LQkebBh7 https://t.co/a7UHNi5792
810452789621035008,2021-06-10 16:21:05+00:00,1403024431023333377,en,0,0,0,0,1.4030228795208704e+18,,"That is racist cultural appropriation, the guy on the picture use white face to explain what happened to a black man. I want him to apologize publicly about that. üòè https://t.co/lqxLyBV8ie"
1249712304352112640,2021-06-10 01:43:46+00:00,1402803644752404481,en,0,0,0,0,,,"I want to publicly apologize for having ever made an ahegao face. I did not realize the background of it, I thought it was a trend. I do not believe I have ever profited off it, but I am now a sw, and this is deeper than I ever knew https://t.co/Sgm5F0crEW"
457594447,2021-06-09 02:13:16+00:00,1402448679542329344,en,1,0,0,0,1.4022940961993605e+18,,I just want to publicly apologize to the lil baby named Telemachus. His parents did him dirty https://t.co/vpoNGxeFKn
3825274943,2021-06-08 00:56:01+00:00,1402066854844239873,en,0,0,0,0,1.4005902085764588e+18,,"I want to take this opportunity to publicly apologize to TPIY because they follow me and I always forget that they do. 

Various band members follow me here and there, I don't have enough characters to name them all but yall are troopers for still following me lmao. https://t.co/Slp7yXsPwF"
1332980134769397760,2021-06-06 09:04:31+00:00,1401465014024687616,en,27,0,1,6,1.4012393890160353e+18,,"personally, i want this issue to be so big to the point na matatakot lahat ng homophobic dito sa pinas. as for those who wrote that term, possible that they will be forced to apologize publicly. dun sa homophobes naman, they will be scared to insult the members of the ++ https://t.co/4QZuZ7fwNE"
1331749838346719237,2021-06-04 18:32:43+00:00,1400883230606336004,en,2,1,0,0,1.4008829200223273e+18,,I want to publicly apologize to Eve for this. I was foolish and blind. https://t.co/e4ouXHZUqB
118824010,2021-06-04 14:16:13+00:00,1400818678417874946,en,6,0,3,0,1.4008154893838705e+18,,I want to publicly apologize to everyone I wrote off in the last year as being stupid or evil. https://t.co/pXArnocoRK
283718865,2021-06-03 14:38:38+00:00,1400461930335145988,en,0,0,0,0,1.400304239482708e+18,,"I‚Äôve been toastin Ja out loud to my people the last 2-3 weeks, talking mad shit. I don‚Äôt think I tweeted anything but I want to publicly apologize for thinking he was too reckless, sloppy and a choke artist. I didn‚Äôt know he was only 21 years old. https://t.co/JZK9sQoe6J"
111128865,2021-06-01 10:51:26+00:00,1399679978673950723,en,1,0,0,0,1.3991917013700076e+18,,I want to publicly apologize to my gf for this https://t.co/k5iW08cHcU
1388378880126459904,2021-06-01 00:25:57+00:00,1399522569158529036,en,0,0,0,0,1.399450343134597e+18,,i want to publicly apologize for the assholes tweeting that nobody cares or that they wont read all of this. they dont care what you have to say and its sad because they only care about one persons side. https://t.co/GJjd944awT
4813903457,2021-05-30 23:52:46+00:00,1399151833625632769,en,1,0,1,0,,,"Wait!ü•∫ I want to publicly apologize @coi_leray for laughing at her concert. I humbly apologizeüòûüôèüèæ 
FYI: They did the same thing to Jay-z back in 1997 when he came to Baltimore I was there, the crowd looked just like yours did!! Keep going!! üñ§üñ§ https://t.co/UeHw5yoiJF"
958181344286269440,2021-05-30 18:27:37+00:00,1399070005204033537,en,5,0,1,0,1.3987360600336794e+18,,i was just gonna delete this and move on but i want to publicly apologize. I said ‚Äúless of those guys‚Äù when i should have said ‚Äúfewer of those guys.‚Äù i pride myself on using less and fewer correctly but i let everyone down. i promise to make fewer (?) mistakes in the future https://t.co/5GtI5W4wxg
1217519016,2021-05-28 22:11:03+00:00,1398401458156965890,en,12,0,1,5,1.397965384746156e+18,,"I still read a lot of comments saying Mina just need an apology. lmao, Jimin did that publicly and privately. when she went to her house with the members is not the only one Jimin apologize to Mina. Mina said she never want to accepted Jimin'e apologize it's hard for her. https://t.co/kXmYpqqHut"
1084174658839015424,2021-05-24 12:49:41+00:00,1396810635350970371,en,0,0,0,0,,,"then don‚Äôt publish it at all..? i don‚Äôt care if you want to ‚Äúlearn from this mistake‚Äù, what happened wasn‚Äôt a mistake and i want you to contact that interviewer and having them publicly apologize to bad bunny cause if you think you‚Äôre getting away with this, you‚Äôre mistaken.. https://t.co/NziJwJjolM"
8707402,2021-05-24 02:33:46+00:00,1396655636285464578,en,1,0,0,1,1.39658328425207e+18,,"I want @TwitterSupport and @Facebook to apologize publicly for banning people for telling the truth last year.
cc: @jack @vijaya https://t.co/LSvm48sooK"
866779363,2021-05-19 16:23:01+00:00,1395052381608439809,en,4,0,0,0,,,"I want to publicly apologize to @syanobacteria for 15 months of CLACK CLACK CLACK in the middle of the night. It is truly horrendous &amp; if I could change it, I would. https://t.co/XnAfWD5L7o"
15971805,2021-05-19 14:41:47+00:00,1395026904365809669,en,97,0,23,1,1.3944432270219428e+18,,"I want to publicly apologize for putting everyone at risk on the short idea at $15.50 on $AMC 

I am sorry. https://t.co/AFoIMeBSag"
3157209551,2021-05-19 13:32:49+00:00,1395009548608544772,en,1,0,0,0,1.3948762901052826e+18,,"I want to publicly apologize, the internet can‚Äôt be trusted üòÇ ofn shorty got a bag https://t.co/OB564aqHFk"
1295507505410453504,2021-05-17 19:25:48+00:00,1394373605732061186,en,0,0,0,0,,,"I want to publicly apologize to the italians for having bad taste in pizza, also the notifications https://t.co/ucblhUUpbJ"
1097985719983882240,2021-05-16 00:05:32+00:00,1393719226704269312,en,1,0,1,0,1.3930689839983247e+18,,I want to publicly apologize to @moonie_child_ I‚Äôm so sorry bro üôáüèª‚Äç‚ôÄÔ∏è i do take care of myself now thoü§£ https://t.co/PG0r3jtowF
1322600863861477380,2021-05-13 20:21:18+00:00,1392938022937759744,en,0,1,0,0,1.3929252062226268e+18,,"i want to publicly apologize to instagram. it‚Äôs not just their app, it‚Äôs my phone. it is very old and needs an update. again i‚Äôm sorry. https://t.co/6wXP7pv7Ep"
4644876375,2021-05-13 16:03:11+00:00,1392873064191381507,en,0,0,0,0,1.392730141621584e+18,,i want you all to publicly apologize to alina starkov https://t.co/Euh5Tcuie3
303844782,2021-05-12 21:55:55+00:00,1392599444932251655,en,2,0,0,0,1.3925902590456873e+18,,"""I want to apologize publicly"" to the person I blocked who can't read my tweets anyway https://t.co/bZ4KZEIMbJ"
